90349326,Mevcut
79428117,Mevcut
69017828,Mevcut
40407922,Mevcut
80458207,Mevcut
80541594,Mevcut
69281776,Mevcut
09521500,Mevcut
89017832,Mevcut
70261150,Mevcut
10239280,Mevcut
90246352,Mevcut
90309245,Mevcut
60403584,Mevcut
00263850,Mevcut
70277957,Mevcut
80213074,Mevcut
39216754,Mevcut
09390962,Mevcut
20393662,Mevcut
99521497,Stok Yok
10219178,Stok Yok
30403571,Mevcut
90458221,Mevcut
60403602,Stok Yok
90214285,Mevcut
40400478,Mevcut
20169559,Stok Yok
30214504,Mevcut
50322847,Mevcut
60156121,Mevcut
40217069,Mevcut
80530816,Mevcut
90343466,Stok Yok
90493446,Mevcut
90347351,Mevcut
30160407,Stok Yok
00089163,Mevcut
70458203,Stok Yok
00473546,Stok Yok
10203610,Mevcut
10521858,Mevcut
10480853,Mevcut
00441758,Stok Yok
00102219,Stok Yok
69281804,Mevcut
30277959,Mevcut
80214549,Mevcut
39047737,Mevcut
80309241,Mevcut
20323805,Mevcut
80410055,Mevcut
80275887,Mevcut
00415603,Stok Yok
70403593,Mevcut
10423886,Mevcut
69398837,Mevcut
60214159,Mevcut
69416817,Stok Yok
60372276,Stok Yok
60178887,Mevcut
70305700,Stok Yok
90214308,Stok Yok
20200456,Mevcut
20382932,Mevcut
00257298,Mevcut
60538955,Mevcut
90458235,Mevcut
50263838,Mevcut
60530266,Mevcut
79280738,Mevcut
70486729,Mevcut
99014376,Stok Yok
80242627,Mevcut
50413526,Mevcut
70261131,Mevcut
50473073,Mevcut
30568642,Stok Yok
60458208,Mevcut
90234226,Mevcut
60413502,Stok Yok
60555153,Stok Yok
20317079,Mevcut
20214731,Stok Yok
70103250,Mevcut
00228705,Mevcut
60344735,Stok Yok
80568630,Stok Yok
20404806,Mevcut
10530259,Mevcut
00321317,Mevcut
30298396,Mevcut
80507627,Mevcut
30256891,Mevcut
60458835,Mevcut
50413507,Mevcut
80424745,Mevcut
80541589,Mevcut
70238541,Mevcut
20293766,Mevcut
20110540,Mevcut
60251665,Mevcut
90280483,Mevcut
60493546,Mevcut
30488966,Mevcut
90403605,Stok Yok
79281790,Mevcut
19217721,Mevcut
10246308,Mevcut
29123958,Stok Yok
79277284,Stok Yok
70530256,Stok Yok
80483438,Stok Yok
30374413,Mevcut
30529467,Stok Yok
10122647,Mevcut
00575446,Mevcut
39443049,Mevcut
80035920,Mevcut
50508652,Stok Yok
20467629,Stok Yok
50365177,Mevcut
30498418,Mevcut
30521659,Mevcut
30326790,Mevcut
19011777,Stok Yok
90403587,Stok Yok
50530648,Mevcut
20535044,Mevcut
20403562,Mevcut
40583840,Stok Yok
60239273,Mevcut
80253809,Mevcut
30238543,Mevcut
70214192,Stok Yok
00458206,Mevcut
79398832,Mevcut
59552787,Stok Yok
60456916,Mevcut
90533174,Mevcut
70458217,Mevcut
49428114,Stok Yok
20424362,Mevcut
69509010,Stok Yok
39287398,Mevcut
10473555,Mevcut
20207410,Mevcut
10321618,Stok Yok
50341148,Mevcut
30534954,Stok Yok
40365371,Stok Yok
70403574,Stok Yok
80436994,Mevcut
50591062,Stok Yok
89482830,Mevcut
89227731,Mevcut
50530262,Mevcut
10385950,Mevcut
40383737,Mevcut
60591052,Stok Yok
90339233,Mevcut
20308697,Mevcut
90301225,Mevcut
00138432,Mevcut
30213076,Stok Yok
40486387,Mevcut
09482829,Mevcut
39482696,Mevcut
80510639,Mevcut
70489394,Mevcut
80437234,Stok Yok
80496025,Mevcut
40298126,Mevcut
00320134,Mevcut
49509025,Mevcut
40477340,Mevcut
60473548,Stok Yok
99428098,Mevcut
19502544,Stok Yok
60568725,Stok Yok
10246332,Mevcut
20503547,Mevcut
00555090,Mevcut
39248608,Mevcut
90486139,Mevcut
30326177,Stok Yok
40343464,Mevcut
70489389,Stok Yok
70404837,Mevcut
99431982,Stok Yok
30321373,Mevcut
19324995,Stok Yok
90507603,Stok Yok
39508998,Mevcut
50450236,Stok Yok
69502773,Stok Yok
00451059,Mevcut
09470237,Stok Yok
10458710,Mevcut
59429194,Stok Yok
00492795,Stok Yok
39287421,Mevcut
00214505,Mevcut
70476259,Mevcut
10424353,Stok Yok
75305709,Mevcut
80503436,Mevcut
10339388,Stok Yok
50298418,Mevcut
00428549,Stok Yok
40419982,Mevcut
30506753,Mevcut
70514100,Stok Yok
70569545,Mevcut
20591049,Stok Yok
80480393,Stok Yok
80507608,Mevcut
40450680,Mevcut
70340826,Stok Yok
20458205,Stok Yok
00450658,Mevcut
90508527,Mevcut
30531936,Stok Yok
20530664,Stok Yok
60407271,Mevcut
40568646,Stok Yok
30491718,Mevcut
90350937,Mevcut
90277961,Mevcut
70526532,Mevcut
89009568,Mevcut
40391657,Stok Yok
59502655,Stok Yok
90437238,Mevcut
00435385,Mevcut
79017837,Mevcut
79277279,Stok Yok
70419264,Mevcut
00010102,Mevcut
00439468,Mevcut
30346934,Mevcut
10530669,Mevcut
89495936,Mevcut
20442827,Stok Yok
30253067,Mevcut
60591047,Stok Yok
40450618,Mevcut
10135659,Mevcut
00485224,Stok Yok
40521852,Mevcut
69559868,Stok Yok
90571528,Stok Yok
30248537,Mevcut
70351725,Mevcut
50371772,Mevcut
80217072,Mevcut
80512657,Mevcut
10496477,Mevcut
99009558,Stok Yok
20426808,Stok Yok
30541582,Mevcut
90442824,Stok Yok
59483317,Stok Yok
10269696,Mevcut
70294339,Stok Yok
10257306,Stok Yok
20530621,Mevcut
19497340,Mevcut
89434127,Stok Yok
79287358,Mevcut
69929233,Mevcut
00404812,Mevcut
40300662,Mevcut
79929341,Mevcut
79568202,Stok Yok
60391091,Stok Yok
50275558,Mevcut
50496649,Mevcut
70301537,Stok Yok
00422321,Mevcut
60403579,Stok Yok
79520192,Stok Yok
50402995,Mevcut
90339389,Mevcut
70246348,Mevcut
09521604,Stok Yok
90392046,Mevcut
50481493,Stok Yok
50231630,Stok Yok
00217797,Mevcut
70441769,Stok Yok
89483325,Stok Yok
60483255,Mevcut
10489839,Stok Yok
80462596,Mevcut
50489012,Stok Yok
10178601,Mevcut
10460888,Mevcut
10458767,Mevcut
10422504,Mevcut
70221423,Mevcut
00486327,Stok Yok
20470815,Mevcut
59553942,Stok Yok
20545359,Mevcut
00275848,Stok Yok
30280004,Mevcut
39483318,Stok Yok
40571248,Stok Yok
50529466,Stok Yok
14630009,Mevcut
20486326,Stok Yok
10505716,Mevcut
50277393,Mevcut
90473014,Mevcut
50454036,Mevcut
80484763,Stok Yok
70544866,Stok Yok
80449901,Mevcut
69898415,Mevcut
70481473,Mevcut
00277395,Mevcut
30513763,Stok Yok
70433364,Stok Yok
30413495,Mevcut
30408979,Mevcut
59099155,Mevcut
50457313,Stok Yok
40465733,Mevcut
90184047,Mevcut
30111087,Mevcut
59554932,Stok Yok
30263844,Mevcut
00480858,Mevcut
00010177,Stok Yok
90534729,Mevcut
90275617,Mevcut
60538960,Mevcut
20512660,Mevcut
70290459,Stok Yok
80411272,Mevcut
70591056,Stok Yok
00248567,Mevcut
70563237,Mevcut
70458199,Mevcut
69392227,Mevcut
50530634,Stok Yok
60407266,Mevcut
49440597,Mevcut
80415468,Mevcut
20512245,Mevcut
50219044,Stok Yok
70246089,Mevcut
90423887,Mevcut
70246386,Stok Yok
20522032,Stok Yok
70299959,Mevcut
00502799,Stok Yok
30450609,Mevcut
90483268,Mevcut
70458222,Stok Yok
59326624,Stok Yok
10487840,Stok Yok
50509072,Stok Yok
00558625,Stok Yok
29416758,Mevcut
90401932,Mevcut
50450137,Stok Yok
10277984,Mevcut
20403595,Stok Yok
60136623,Mevcut
10591059,Stok Yok
90487860,Mevcut
99047744,Stok Yok
00375126,Mevcut
00450502,Mevcut
70529465,Stok Yok
80331930,Mevcut
00535894,Mevcut
29011507,Stok Yok
20343224,Mevcut
20469949,Mevcut
20246708,Stok Yok
60341015,Stok Yok
59417619,Stok Yok
00414830,Mevcut
50058376,Stok Yok
50425529,Stok Yok
50487857,Mevcut
70154800,Stok Yok
00319022,Mevcut
40381253,Stok Yok
99429540,Mevcut
60412885,Stok Yok
20508842,Mevcut
00397307,Stok Yok
50458614,Mevcut
40399998,Mevcut
50251270,Stok Yok
70340807,Mevcut
66916200,Mevcut
20359154,Mevcut
19240991,Stok Yok
80153800,Mevcut
30263245,Mevcut
79418806,Stok Yok
50525642,Stok Yok
90458810,Mevcut
70311697,Mevcut
80175675,Mevcut
89502668,Stok Yok
70493447,Stok Yok
10508932,Stok Yok
20525356,Stok Yok
49280042,Mevcut
40339377,Mevcut
39509040,Mevcut
10507584,Mevcut
60179434,Mevcut
00324518,Mevcut
00546878,Stok Yok
50395382,Mevcut
10559257,Stok Yok
30178884,Mevcut
00400512,Mevcut
30500893,Mevcut
70355455,Mevcut
19009562,Mevcut
00102452,Mevcut
20203563,Mevcut
50434307,Mevcut
90213078,Stok Yok
50103755,Mevcut
00217820,Mevcut
40574096,Stok Yok
50330951,Mevcut
60364634,Mevcut
50355395,Mevcut
40178888,Stok Yok
60507586,Stok Yok
90371765,Mevcut
59509001,Stok Yok
50412895,Mevcut
50411990,Mevcut
10451290,Mevcut
30280481,Mevcut
30558624,Stok Yok
90477677,Stok Yok
70459896,Stok Yok
50458831,Mevcut
00396416,Stok Yok
80393372,Mevcut
50178411,Stok Yok
00121766,Mevcut
50160406,Stok Yok
00396242,Mevcut
90512666,Mevcut
10458220,Stok Yok
80534329,Mevcut
49009551,Mevcut
60481647,Mevcut
60481652,Stok Yok
60555087,Mevcut
00290778,Mevcut
40562079,Stok Yok
09389464,Stok Yok
40339382,Mevcut
29420393,Stok Yok
20534332,Stok Yok
20330066,Mevcut
30538971,Stok Yok
50460122,Stok Yok
10409932,Mevcut
80329197,Stok Yok
99429578,Stok Yok
40451284,Mevcut
40530917,Stok Yok
90554538,Mevcut
70257638,Mevcut
50368492,Stok Yok
69217714,Stok Yok
80190529,Stok Yok
50409874,Mevcut
90333976,Mevcut
09503011,Stok Yok
00521948,Stok Yok
50481488,Stok Yok
90229017,Stok Yok
80458231,Mevcut
60359996,Stok Yok
79399822,Mevcut
89330691,Stok Yok
00392041,Mevcut
59031702,Stok Yok
00446534,Mevcut
00320803,Mevcut
09484022,Mevcut
49252765,Mevcut
40203557,Stok Yok
39057972,Mevcut
